<?xml version='1.0' encoding='utf-8'?>
<!DOCTYPE hibernate-configuration PUBLIC
    "-//Hibernate/Hibernate Configuration DTD//EN"
    "http://www.hibernate.org/dtd/hibernate-configuration-3.0.dtd">

<hibernate-configuration>
  <session-factory>
    <property name="hibernate.connection.driver_class">com.microsoft.sqlserver.jdbc.SQLServerDriver</property>
    <property name="hibernate.connection.url">jdbc:sqlserver://localhost;database=EShopV10</property>
    <property name="hibernate.connection.username">sa</property>
    <property name="hibernate.connection.password">songlong</property>
    <property name="hibernate.dialect">org.hibernate.dialect.SQLServerDialect</property>
    
    <mapping class="com.nhatnghe.entity.Category"/>
    <mapping class="com.nhatnghe.entity.Product"/>
  </session-factory>
</hibernate-configuration>