
<dependencies>
	<dependency>
		<groupId>org.apache.tiles</groupId>
		<artifactId>tiles-api</artifactId>
		<version>3.0.8</version>
	</dependency>

	<dependency>
		<groupId>org.apache.tiles</groupId>
		<artifactId>tiles-core</artifactId>
		<version>3.0.8</version>
	</dependency>

	<dependency>
		<groupId>org.apache.tiles</groupId>
		<artifactId>tiles-servlet</artifactId>
		<version>3.0.8</version>
	</dependency>

	<dependency>
		<groupId>org.apache.tiles</groupId>
		<artifactId>tiles-jsp</artifactId>
		<version>3.0.8</version>
	</dependency>

	<dependency>
		<groupId>org.apache.tiles</groupId>
		<artifactId>tiles-request-api</artifactId>
		<version>1.0.6</version>
	</dependency>

</dependencies>