<?xml version="1.0" encoding="UTF-8" ?>  
<!DOCTYPE tiles-definitions PUBLIC  
       "-//Apache Software Foundation//DTD Tiles Configuration 3.0//EN"  
       "http://tiles.apache.org/dtds/tiles-config_3_0.dtd">

<tiles-definitions>

	<!-- Layout -->
	<definition name="base.definition" template="/WEB-INF/views/layout.jsp">
		<put-attribute name="head" value="/WEB-INF/views/layout/head.jsp" />
		<put-attribute name="header" value="/WEB-INF/views/layout/header.jsp" />
		<put-attribute name="menu" value="/WEB-INF/views/layout/menu.jsp" />
		<put-attribute name="body" value="" />
		<put-attribute name="footer" value="/WEB-INF/views/layout/footer.jsp" />
	</definition>

	<!-- View -->
	<definition name="*/*" extends="base.definition">
		<put-attribute name="body" value="/WEB-INF/views/{1}/{2}.jsp" />
	</definition>
	<definition name="admin/*/*" extends="base.definition">
		<put-attribute name="body" value="/WEB-INF/views/admin/{1}/{2}.jsp" />
	</definition>

</tiles-definitions> 